Taxa,TotalApluda,3.290675927Arundinella,13.15369768Hyparrhenia,3.385634487Ischaemum,4.252937763Phyllostachys,0.612748611Z. mays,3.274483318Sorghum,1.553871702T. andersonii,4.521162148T. dactyloides,8.014566515T. floridanum,12.41346945T. laxum,6.341472859T. peruvianus,1.168746391Urelytrum,3.275412488Z. perennis,2.047591329Oryza,2.243300537